Thermoelectric Voltage (mV),Temperature T0 (°C),Temperature T0+2Δ (°C),4-Probe Voltage Heating (mV),4-Probe Voltage Cooling (mV)
1.38,34.5,63.5,490.1,489.9
1.46,36.5,65.5,464.3,463.2
1.54,38.5,67.5,440.2,438.5
1.62,40.5,69.5,413.7,409.3
1.70,42.5,71.5,384.9,379.7
1.78,44,73,366.8,360.1
1.86,46,75,355.3,349.2
1.94,48,77,340.8,331.9
2.02,50,79,320.6,312.3
2.10,52,81,297.6,283.5
2.18,54,83,281.2,266.1
2.26,56,85,261.2,248.6
2.34,58,87,243.0,236.4
2.42,59.5,88.5,232.6,224.9
2.50,61.5,90.5,223.1,211.9
2.58,63.5,92.5,215.5,198.5
2.66,65.5,94.5,199.4,187.7
2.74,67.5,96.5,189.6,178.0
2.82,69.5,98.5,177.0,165.8
2.90,71.5,100.5,168.1,156.9
2.98,73,102,161.1,149.3
3.06,75,104,152.0,141.8
3.14,77,106,143.2,132.7
3.22,79,108,135.1,126.3
3.30,81,110,123.7,117.5
3.38,83,112,118.9,112.6
3.46,85,114,109.8,106.2
3.54,86.5,115.5,101.3,100.6
3.62,88.5,117.5,95.4,94.8
3.70,90.5,119.5,90.7,89.8
3.78,92.5,121.5,86.0,85.1
3.86,94.5,123.5,82.3,80.9
3.94,96.5,125.5,77.8,77.2
4.02,98.5,127.5,74.6,73.9
4.10,100,129,72.1,69.9
4.18,102,131,68.8,66.9
4.26,104,133,66.1,62.8
4.34,106,135,62.3,58.3
4.42,108,137,59.7,56.8
4.50,110,139,56.7,52.3
4.58,112,141,54.6,50.2
4.66,113.5,142.5,51.5,48.0
4.74,115.5,144.5,49.3,46.9
4.82,117.5,146.5,46.7,44.8
4.90,119.5,148.5,45.0,42.9
4.98,121.5,150.5,43.6,41.1
5.06,123.5,152.5,41.1,39.2
5.14,125.5,154.5,39.8,37.6
5.22,127,156,38.0,36.1
5.30,129,158,36.2,34.3
5.38,131,160,35.3,33.2
5.46,133,162,33.5,31.6
5.54,135,164,32.2,30.5
5.62,137,166,30.5,29.3
5.70,139,168,29.5,28.1
5.78,140.5,169.5,28.2,26.8
5.86,142.5,171.5,27.1,26.0
5.94,144.5,173.5,25.9,25.0
6.02,146.5,175.5,25.4,24.2
