S_No,I_mA,T0_raw_C,T_used_C,T_K,V_heating_mV,V_cooling_mV,V_avg_V,rho0_ohm_cm,rho_ohm_cm,1000_over_T,log10_rho,ln_rho
1,10,25.5,54.5,327.65,440.0,439.7,0.43985,55.273181147258825,10.012785257169037,3.0520372348542653,1.0005549020111169,2.3038628020929157
2,10,27.5,56.5,329.65,416.2,415.1,0.41564999999999996,52.232119458583895,9.461894264277161,3.033520400424693,0.9759780905422287,2.247272602371329
3,10,29.5,58.5,331.65,400.1,388.6,0.39435000000000003,49.5554825177254,8.977019134169852,3.015226895823911,0.9531321508663598,2.194667882238232
4,10,31.5,60.5,333.65,375.3,366.2,0.37075,46.58981905273664,8.439786595647199,2.9971527049303166,0.9263314654047355,2.1329570234122737
5,10,33.5,62.5,335.65,357.7,346.8,0.35225,44.26504048908019,8.018650919262916,2.9792939073439597,0.9041013074857099,2.0817701931730217
1,5,34.5,63.5,336.65,174.8,174.8,0.1748,43.93203166779967,7.958326079132194,2.970444081390168,0.9008217296666814,2.0742186861756124
1,15,34.5,63.5,336.65,490.1,489.9,0.49,41.050144006906635,7.436269601019784,2.970444081390168,0.8713551266771483,2.00636932539074
6,10,35.5,64.5,337.65,342.1,326.5,0.3343,42.009376963802715,7.610035492717083,2.961646675551607,0.8813866822968844,2.029467835820285
2,5,36.5,65.5,338.65,163.0,163.3,0.16315000000000002,41.00406731465398,7.427922767794149,2.9529012254540086,0.8708673794921907,2.005246245993507
2,15,36.5,65.5,338.65,464.3,463.2,0.46375,38.85102914939378,7.0378980152508674,2.9529012254540086,0.847442969271737,1.9513095482077127
7,10,37.5,66.5,339.65,328.5,305.6,0.31705,39.841678032825754,7.217354929602007,2.9442072721919623,0.8583780632272962,1.9764885325402726
3,15,38.5,67.5,340.65,440.2,438.5,0.43935,36.80689952945802,6.667602141240903,2.9355643622486425,0.8239696773859146,1.89726029622792
3,5,38.5,67.5,340.65,156.8,155.5,0.15615,39.2447754286437,7.109225499179016,2.9355643622486425,0.8518222899345145,1.961393306683265
8,10,39.5,68.5,341.65,310.7,284.2,0.29745,37.378669392411354,6.771178753540819,2.9269720474169474,0.8306642789652997,1.9126751860281466
4,5,40.5,69.5,342.65,148.4,145.5,0.14695,36.932563235601606,6.690366231856268,2.91842988472202,0.8254498917769284,1.9006686158191037
4,15,40.5,69.5,342.65,413.7,409.3,0.4115,34.473743385392,6.244948858815594,2.91842988472202,0.7955288861969233,1.8317729544031922
9,10,41.5,70.5,343.65,295.2,253.9,0.27455,34.50097052172311,6.249881078448924,2.909937436345119,0.7958717537497115,1.8325624361191137
5,5,42.0,71.0,344.15,138.8,138.1,0.13845,34.796280231160544,6.303376691395034,2.9057097195990123,0.7995732614498903,1.841085472571148
5,15,42.5,71.5,344.65,384.9,379.7,0.3823,32.02748990579674,5.801807894836455,2.901494269548818,0.7635633446676626,1.7581695749884345
10,10,43.0,72.0,345.15,274.1,238.8,0.25645000000000007,32.22645744052411,5.837851038310788,2.8972910328842536,0.7662530091060884,1.7643627562295099
6,5,44.0,73.0,346.15,131.3,129.1,0.13019999999999998,32.72282907979128,5.927769196241484,2.888920988010978,0.7728912856004702,1.7796479527286462
6,15,44.0,73.0,346.15,366.8,360.1,0.36345000000000005,30.448315998592278,5.515739156103348,2.888920988010978,0.7416037198418222,1.7076056702167122
11,10,45.0,74.0,347.15,257.2,232.8,0.245,30.787608005179973,5.577202200764837,2.8805991646262425,0.7464163900688483,1.718687252938959
7,5,46.0,75.0,348.15,125.8,121.7,0.12375,31.101767270538957,5.634112427303255,2.8723251472066638,0.7508255089739034,1.7288396244029771
7,15,46.0,75.0,348.15,355.3,349.2,0.35225,29.510026992720125,5.3457672795086095,2.8723251472066638,0.7280100484300287,1.6763050850648573
12,10,47.0,76.0,349.15,245.0,224.2,0.2346,29.480705461286618,5.340455658365024,2.86409852498926,0.7275783134838263,1.6753109786136071
8,15,48.0,77.0,350.15,340.8,331.9,0.33635000000000004,28.177991707598057,5.104467918985724,2.85591889190347,0.7079504786674558,1.6301162187576825
8,5,48.0,77.0,350.15,117.0,112.9,0.11495,28.89008604241174,5.233464432472801,2.85591889190347,0.718789276973595,1.655073474163368
13,10,49.0,78.0,351.15,233.7,214.2,0.22394999999999998,28.142386990857364,5.098018093311368,2.847785846504343,0.7074013724850224,1.628851855047541
9,15,50.0,79.0,352.15,320.6,312.3,0.31645000000000006,26.510853206093074,4.802464316821859,2.8396989919068583,0.6814641466592001,1.5691291855073821
9,5,50.0,79.0,352.15,112.7,109.1,0.11090000000000001,27.872210022648648,5.049075298488331,2.8396989919068583,0.7032118475174571,1.6192051173104989
14,10,51.0,80.0,353.15,218.2,203.6,0.21089999999999998,26.50247562568349,4.800946710780833,2.831657935721365,0.6813268854438022,1.5688131298789607
10,15,52.0,81.0,354.15,297.6,283.5,0.29055000000000003,24.34105988001372,4.409404352196527,2.8236622899901174,0.6443799264234267,1.4837396128071823
10,5,52.0,81.0,354.15,104.2,100.0,0.1021,25.66052879452143,4.6484273036578765,2.8236622899901174,0.6673060434552073,1.536528948124797
15,10,53.0,82.0,355.15,206.8,188.8,0.1978,24.856281075202446,4.50273712371953,2.815711671124877,0.6534765929654764,1.5046854615828438
11,15,54.0,83.0,356.15,281.2,266.1,0.27365,22.92524879079592,4.1529289312633955,2.807805699845571,0.6183544991271585,1.4238138518759949
11,5,54.0,83.0,356.15,99.2,93.2,0.09620000000000001,24.17769706202705,4.379811034396551,2.807805699845571,0.64145537340611,1.4770055806258382
16,10,55.0,84.0,357.15,198.0,176.4,0.18719999999999998,23.52424579008037,4.261437763196644,2.799944001119978,0.6295561501064023,1.4496066064377238
12,15,56.0,85.0,358.15,261.2,248.6,0.25489999999999996,21.35445246400102,3.868377798571312,2.792126204104426,0.5875288821179021,1.3528352456681374
12,5,56.0,85.0,358.15,93.4,87.6,0.0905,22.7451308119901,4.120300401381369,2.792126204104426,0.6149288805735004,1.4159260736600576
17,10,57.0,86.0,359.15,181.9,165.7,0.1738,21.840352127756244,3.95639894895073,2.78435194208548,0.5973000778169636,1.3753342552255239
13,5,57.5,86.5,359.65,86.1,84.0,0.08505,21.37539641502495,3.872171813673873,2.7804810232170167,0.5879546193168849,1.353815541796048
13,15,58.0,87.0,360.15,243.0,236.4,0.2397,20.08106024174596,3.6377016803355966,2.7766208524226017,0.5608270806822885,1.2913520757264065
18,10,59.0,88.0,361.15,172.3,155.6,0.16394999999999998,20.602564622241864,3.732172656389368,2.7689325764917627,0.5719617267096999,1.3169905456848894
14,15,59.5,88.5,361.65,232.6,224.9,0.22875,19.163715186897743,3.47152381884342,2.765104382690447,0.5405201493871206,1.2445936384416985
14,5,59.5,88.5,361.65,80.0,77.2,0.07859999999999999,19.754334605772616,3.578515044735642,2.765104382690447,0.5537028474077048,1.274947922389338
19,10,60.5,89.5,362.65,163.7,146.4,0.15505000000000002,19.4841576375639,3.5295722499126048,2.7574796635874814,0.5477220762776611,1.26117668794069
15,5,61.5,90.5,363.65,76.9,72.9,0.07490000000000001,18.824423180310045,3.41006077418193,2.749896878867043,0.5327621190677636,1.2267301134773514
15,15,61.5,90.5,363.65,223.1,211.9,0.2175,18.2212373908208,3.300793139228169,2.749896878867043,0.5186183079392908,1.1941627848148064
20,10,62.5,91.5,364.65,153.0,138.0,0.1455,18.284069243892596,3.3121751845358522,2.7423556835321543,0.5201132990262419,1.1976051290057792
16,15,63.5,92.5,365.65,215.5,198.5,0.207,17.341591447815656,3.141444504920602,2.7348557363599073,0.4971293921055523,1.1446827275514366
16,5,63.5,92.5,365.65,71.2,67.8,0.0695,17.46725515395925,3.1642085955359693,2.7348557363599073,0.500265105958411,1.151902975524924
21,10,64.5,93.5,366.65,142.3,130.4,0.13635000000000003,17.134246332678735,3.103883755405248,2.7273966998499932,0.4919054479819646,1.1326541516858297
17,15,65.5,94.5,367.65,199.4,187.7,0.19355,16.214806882728123,2.937326492402815,2.7199782401740786,0.4679522223036086,1.077499811309725
17,5,65.5,94.5,367.65,67.7,64.3,0.066,16.58760921095411,3.004859961228403,2.7199782401740786,0.4778242369101658,1.100230964980603
22,10,66.5,95.5,368.65,133.7,122.3,0.128,16.084954386379742,2.9138035987669357,2.7126000271260002,0.46446027535218426,1.0694593063138493
18,15,67.5,96.5,369.65,189.6,178.0,0.18380000000000002,15.397992792794776,2.7893599034029317,2.7052617340727716,0.4455045536987272,1.0258121442076547
18,5,67.5,96.5,369.65,62.3,61.3,0.061799999999999994,15.532034079347936,2.813641600059322,2.7052617340727716,0.44926877645711283,1.0344795874178223
23,10,68.5,97.5,370.65,125.5,115.2,0.12035,15.123627034381265,2.7396583055593804,2.697963037906381,0.4376964003153646,1.0078332066233129
19,15,69.5,98.5,371.65,177.0,165.8,0.1714,14.35917282200775,2.6011767543159,2.6907036189963676,0.41516986423581403,0.9559639404497472
19,5,69.5,98.5,371.65,58.1,58.0,0.05805,14.589556283271001,2.6429109204440726,2.6907036189963676,0.4220825254428898,0.971880931098078
24,10,70.0,99.0,372.15,116.0,107.8,0.1119,14.061768717467913,2.547301739859532,2.687088539567379,0.4060803922326659,0.9350346577121116
20,5,71.0,100.0,373.15,53.1,53.6,0.05335,13.408317445521238,2.4289284686596253,2.6798874447273215,0.3854147251287858,0.8874502007019397
20,15,71.5,100.5,373.65,168.1,156.9,0.1625,13.61356816555577,2.466109816664724,2.6763013515321825,0.3920124119635278,0.9026419360558599
25,10,72.0,101.0,374.15,107.3,100.8,0.10405,13.07530862424072,2.3686036285289034,2.6727248429774155,0.37449239025196157,0.8623005952338754
21,15,73.0,102.0,375.15,161.1,149.3,0.15519999999999998,13.002004795656957,2.3553245756699397,2.665600426496068,0.37205076357080424,0.856678542035186
21,5,73.0,102.0,375.15,48.6,51.0,0.0498,12.516105131901735,2.2673034252905215,2.665600426496068,0.35550964412801456,0.8185912069847845
26,10,74.0,103.0,376.15,101.1,97.5,0.0993,12.478406020058658,2.2604741981059115,2.658513890735079,0.354199554199697,0.8155746134453589
22,15,75.0,104.0,377.15,152.0,141.8,0.1469,12.306665621662416,2.2293632742649105,2.651464934376243,0.3481808424388911,0.8017160174658993
22,5,75.0,104.0,377.15,46.4,48.4,0.0474,11.912919342412494,2.1580357903367613,2.651464934376243,0.33405864304238203,0.769198451655208
27,10,76.0,105.0,378.15,98.1,91.8,0.09494999999999999,11.931768898334035,2.1614504039290665,2.644453259288642,0.33474527477735216,0.7707794796525268
23,5,77.0,106.0,379.15,44.2,45.8,0.045,11.309733552923255,2.0487681553830015,2.637478570486615,0.31149281514364074,0.717238712724497
23,15,77.0,106.0,379.15,143.2,132.7,0.13795,11.556872175005651,2.0935375335932225,2.637478570486615,0.3208807514638388,0.7388552349493626
28,10,78.0,107.0,380.15,94.4,86.4,0.09040000000000001,11.359999035380694,2.0578737916291487,2.630540576088386,0.31341873617967925,0.7216733097923631
24,15,79.0,108.0,381.15,135.1,126.3,0.13069999999999998,10.949497595311627,1.9835110956189506,2.623638987275351,0.29743463422917893,0.684868554916244
24,5,79.0,108.0,381.15,43.3,42.8,0.04305,10.819645098963248,1.9599882019830714,2.623638987275351,0.2922534571579706,0.6729384538279171
29,10,80.0,109.0,382.15,88.5,82.4,0.08545,10.737963689969913,1.945191543083083,2.6167735182519953,0.28896237276107145,0.6653604519558318
25,15,81.0,110.0,383.15,123.7,117.5,0.1206,10.103361973944777,1.8302328854754817,2.609943886206447,0.26250635445276715,0.6044432185791528
25,5,81.0,110.0,383.15,41.3,40.5,0.0409,10.279291162545803,1.8621026123369948,2.609943886206447,0.2700036093756389,0.6217062860029334
30,10,82.0,111.0,384.15,85.2,77.8,0.0815,10.241592050702728,1.8552733851523853,2.603149811271639,0.2684079144442926,0.6180320626410493
26,15,83.0,112.0,385.15,118.9,112.6,0.11575,9.697049324080496,1.7566289924857958,2.596391016487083,0.24468004633862536,0.5633966272524111
26,5,83.0,112.0,385.15,39.0,38.5,0.03875,9.738937226128359,1.764217022690918,2.596391016487083,0.24655200821062612,0.5677069787535333
31,10,84.0,113.0,386.15,80.4,73.4,0.07690000000000001,9.663539002442207,1.7505585683216984,2.589667227761233,0.24317664550574702,0.5599349189058306
27,5,84.5,113.5,386.65,37.0,36.4,0.0367,9.223716030939633,1.6708842511679147,2.58631837579206,0.22294636562038644,0.513352978014702
27,15,85.0,114.0,387.15,109.8,106.2,0.108,9.047786842338605,1.6390145243064014,2.582978173834431,0.21458280213558437,0.4940951614102874
32,10,85.5,114.5,387.65,77.1,69.2,0.07315,9.192300104403735,1.665193228514073,2.579646588417387,0.2214646361656455,0.5099411698603653
28,15,86.5,115.5,388.65,101.3,100.6,0.10094999999999998,8.457167423463723,1.5320232984141777,2.5730091341824264,0.18526536992829268,0.42658927904491406
28,5,86.5,115.5,388.65,35.2,35.1,0.03515000000000001,8.834158541894501,1.6003155702602785,2.5730091341824264,0.20420563072413997,0.4702008412108516
33,10,87.5,116.5,389.65,71.3,64.9,0.0681,8.557698388378595,1.5502345709064709,2.566405748748877,0.1903974176171009,0.4384062555496985
29,15,88.5,117.5,390.65,95.4,94.8,0.09509999999999999,7.967078969503716,1.443243345014248,2.559836170485089,0.1593395635860486,0.36689290383741235
29,5,88.5,117.5,390.65,33.3,32.9,0.0331,8.318937346705772,1.5069827987372744,2.559836170485089,0.17810829514401577,0.4101095053371945
34,10,89.5,118.5,391.65,68.4,61.4,0.0649,8.155574528719104,1.4773894809372978,2.553300140431508,0.1694950025046851,0.39027666610427636
30,15,90.5,119.5,392.65,90.7,89.8,0.09025,7.560766319639436,1.3696394520245623,2.54679740226665,0.13660625722633019,0.314547531499058
30,5,90.5,119.5,392.65,31.7,30.9,0.031299999999999994,7.86654800458884,1.425032072521954,2.54679740226665,0.15382463891474543,0.3541943205002846
35,10,91.5,120.5,393.65,64.9,58.5,0.061700000000000005,7.7534506690596094,1.4045443909681243,2.5403277022735935,0.14753546973755752,0.3397129733055741
31,5,92.5,121.5,394.65,30.4,29.5,0.02995,7.527255998001145,1.3635690278604644,2.533890789306981,0.13467712809362722,0.3101055475156357
31,15,92.5,121.5,394.65,86.0,85.1,0.08555,7.167020040389516,1.2983119680964135,2.533890789306981,0.11337906052575379,0.26106493462427033
36,10,93.5,122.5,395.65,59.7,55.6,0.05765000000000001,7.2445126591780635,1.3123498239758895,2.5274864147605207,0.11804961733503375,0.2718192891093002
32,15,94.5,123.5,396.65,82.3,80.9,0.08159999999999999,6.83610561421139,1.2383665294759476,2.5211143325349807,0.09284920540249575,0.21379319625612894
32,5,94.5,123.5,396.65,28.7,28.2,0.02845,7.150264879570369,1.2952767560143643,2.5211143325349807,0.11236257209938702,0.2587243835265172
37,10,95.5,124.5,397.65,57.6,52.8,0.055200000000000006,6.936636579126264,1.2565778019682412,2.5147742990066644,0.09918938343351484,0.22839199567728183
33,15,96.5,125.5,398.65,77.8,77.2,0.0775,6.492624817418906,1.1761446817939454,2.508466072996363,0.07046074915494491,0.16224187064536896
33,5,96.5,125.5,398.65,27.3,26.9,0.027100000000000003,6.810972872982673,1.2338137113528747,2.508466072996363,0.0912495922427029,0.21010995083983283
38,10,97.5,126.5,399.65,54.6,50.4,0.0525,6.597344572538566,1.195114757306751,2.5021894157387714,0.0774096091102728,0.17824221199181023
34,15,98.5,127.5,400.65,74.6,73.9,0.07425,6.220353454107791,1.126822485460651,2.495944090852365,0.05185550463788463,0.11940171196887675
34,5,98.5,127.5,400.65,25.8,25.2,0.0255,6.408849013323177,1.1609686213837007,2.495944090852365,0.06482048180225217,0.14925467511855764
39,10,99.0,128.0,401.15,51.9,48.9,0.0504,6.333450789637023,1.147310167014481,2.492833104823632,0.059680842149841186,0.13742021747155503
35,15,100.0,129.0,402.15,72.1,69.9,0.071,5.948082090796675,1.0775002891273564,2.4866343404202413,0.03241739536770991,0.07464381132738307
35,5,100.0,129.0,402.15,24.6,23.9,0.02425,6.094689747964199,1.1040583948452842,2.4866343404202413,0.04299204430657953,0.09899284033766957
40,10,101.0,130.0,403.15,49.3,46.5,0.0479,6.019291524278044,1.0903999404760643,2.480466327669602,0.037585819118879114,0.08654454681110164
36,15,102.0,131.0,404.15,68.8,66.9,0.06785,5.684188307895133,1.0296956988350865,2.4743288383026107,0.012708898644390553,0.029263320566945923
36,5,102.0,131.0,404.15,23.5,22.8,0.023149999999999997,5.8182295944482965,1.0539773954914775,2.4743288383026107,0.02283129672226901,0.05257100348642044
41,10,103.0,132.0,405.15,47.8,43.8,0.0458,5.755397741376502,1.0425953501837943,2.4682216463038382,0.018115783708185135,0.04171313351437149
37,15,104.0,133.0,406.15,66.1,62.8,0.06445,5.399350573969657,0.978097093440255,2.462144527883787,-0.009618031661943652,-0.0221463363287362
42,10,105.0,134.0,407.15,45.2,41.1,0.04315000000000001,5.422388920095983,0.9822705100530724,2.4560972614515535,-0.007768894244455743,-0.017888540076331033
38,15,106.0,135.0,408.15,62.3,58.3,0.0603,5.051680986972388,0.9151164427377408,2.450079627587897,-0.03852364121121401,-0.08870396198079246
37,5,104.0,135.0,408.15,22.7,21.7,0.0222,5.579468552775474,1.010725623322281,2.450079627587897,0.0046332758189357795,0.010668511832411305
43,10,107.0,136.0,409.15,42.7,39.4,0.041049999999999996,5.15849513719444,0.9344659197608023,2.4440914090186974,-0.029436532840224607,-0.06778012170733086
38,5,106.0,137.0,410.15,21.4,20.5,0.02095,5.265309287416493,0.953815396783864,2.4381323905888093,-0.02053567132938888,-0.04728513067767605
39,15,108.0,137.0,410.15,59.7,56.8,0.05825,4.879940588576146,0.8840055188967397,2.4381323905888093,-0.05354502365330872,-0.12329197326812223
44,10,109.0,138.0,411.15,40.5,37.1,0.038799999999999994,4.8757517983713585,0.8832467158762273,2.4322023592362885,-0.05391796870147693,-0.1241507109765403
39,5,108.0,139.0,412.15,20.0,19.3,0.019649999999999997,4.938583651443154,0.8946287611839105,2.4263011039670026,-0.04835714392025751,-0.11134643873055258
40,15,110.0,139.0,412.15,56.7,52.3,0.0545,4.565781323217166,0.8270952923583229,2.4263011039670026,-0.08244445107472291,-0.18983536404473392
45,10,111.0,140.0,413.15,38.4,35.6,0.037,4.649557127312894,0.8422713527685673,2.420428415829602,-0.07454797022868911,-0.1716530449615435
40,5,110.0,141.0,414.15,19.5,18.4,0.018949999999999998,4.762654462842126,0.8627590343223972,2.414584087890861,-0.06411048432761186,-0.14761984551738747
41,15,112.0,141.0,414.15,54.6,50.2,0.05240000000000001,4.389852134616139,0.7952255654968098,2.414584087890861,-0.09950966636763858,-0.22912947438693554
41,5,112.0,141.0,414.15,18.3,17.7,0.018,4.523893421169301,0.8195072621532005,2.414584087890861,-0.08644719352839696,-0.19905201914965817
46,10,113.0,142.0,415.15,36.6,33.2,0.03490000000000001,4.385663344411352,0.7944667624762974,2.4087679152113695,-0.09992426733650414,-0.2300841283973863
42,15,113.5,142.5,415.65,51.5,48.0,0.04975,4.167846253762459,0.7550090054096618,2.4058703235895584,-0.12204786826962107,-0.2810256021093305
42,5,114.0,143.0,416.15,17.7,16.8,0.01725,4.335397861953915,0.7853611262301506,2.4029796948215787,-0.10493059922240999,-0.24161163356845386
47,10,115.0,144.0,417.15,34.5,32.0,0.03325,4.178318229274425,0.7569060129609423,2.39721922569819,-0.12095804465656072,-0.2785161905039048
43,15,115.5,144.5,417.65,49.3,46.9,0.0481,4.029616177004509,0.7299685057327585,2.3943493355680596,-0.13669587697753352,-0.31475388860221665
43,5,116.0,145.0,418.15,17.0,15.9,0.01645,4.134335932124167,0.7489385812455638,2.3914863087408826,-0.12555379634570993,-0.28909829983444196
48,10,116.5,145.5,418.65,33.0,30.8,0.0319,4.008672225980575,0.7261744906301971,2.3886301206258214,-0.13895901123850307,-0.31996494781496926
44,5,117.5,146.5,419.65,16.3,15.4,0.015850000000000003,3.983539484751858,0.721621672507124,2.3829381627546766,-0.1416904320779326,-0.326254276722533
44,15,117.5,146.5,419.65,46.7,44.8,0.04575,3.832743037379548,0.694304763768684,2.3829381627546766,-0.15844985494889824,-0.3648442739924019
49,10,118.5,147.5,420.65,31.7,29.4,0.030549999999999997,3.8390262226867273,0.6954429682994522,2.3772732675621064,-0.1577384797171111,-0.3632062719881637
45,5,119.5,148.5,421.65,15.3,14.9,0.0151,3.7950439255364703,0.6874755365840739,2.371635242499704,-0.1627427513385335,-0.374729033224944
45,15,119.5,148.5,421.65,45.0,42.9,0.04395,3.681946590007238,0.6669878550302439,2.371635242499704,-0.17588207394157462,-0.40498344158274624
50,10,120.5,149.5,422.65,30.1,27.8,0.028950000000000004,3.637964292856981,0.6590204233148657,2.3660238968413583,-0.18110112623222904,-0.41700075358676353
46,5,121.5,150.5,423.65,14.8,14.5,0.01465,3.6819465900072377,0.6669878550302438,2.360439041661749,-0.1758820739415747,-0.4049834415827464
46,15,121.5,150.5,423.65,43.6,41.1,0.04235,3.5479053034540726,0.6427061583738526,2.360439041661749,-0.19198753868463975,-0.44206764461586917
51,10,122.5,151.5,424.65,29.1,26.9,0.028,3.5185837720205684,0.6373945372302672,2.354880489815142,-0.1955916629534649,-0.45036644743056403
47,15,123.5,152.5,425.65,41.1,39.2,0.040150000000000005,3.3635985344434722,0.609318825471315,2.3493480559144837,-0.21515540373666558,-0.49541362532116157
47,5,123.5,152.5,425.65,14.2,13.8,0.014,3.5185837720205684,0.6373945372302672,2.3493480559144837,-0.1955916629534649,-0.45036644743056403
52,10,124.5,153.5,426.65,28.0,25.7,0.026850000000000002,3.3740705099554376,0.6112158330225954,2.3438415563107937,-0.21380540426010977,-0.49230513665089437
48,5,125.5,154.5,427.65,13.6,13.2,0.013399999999999999,3.367787324648258,0.6100776284918271,2.33836080907284,-0.2146149002668953,-0.494169070088957
48,15,125.5,154.5,427.65,39.8,37.6,0.038700000000000005,3.2421236185046673,0.5873135378764606,2.33836080907284,-0.23112998833245388,-0.532196465678196
53,10,126.5,155.5,428.65,26.8,24.6,0.025700000000000004,3.2295572478903076,0.5850371288149239,2.332905633967106,-0.2328165709643895,-0.5360799657045937
49,15,127.0,156.0,429.15,38.0,36.1,0.03705,3.103893541746716,0.5622730381995572,2.330187580100198,-0.2500527410360183,-0.5757677139718362
49,5,127.5,156.5,429.65,13.2,12.8,0.013,3.267256359733384,0.5918663559995336,2.327475852438031,-0.2277763463248663,-0.5244744195842862
54,10,128.5,157.5,430.65,25.8,23.4,0.0246,3.0913271711323564,0.5599966291380204,2.322071287588529,-0.25181458719230504,-0.5798245146674509
50,15,129.0,158.0,431.15,36.2,34.3,0.03525,2.9530970943744053,0.534956129461117,2.3193784065870346,-0.27168183202394786,-0.6255705364556547
50,5,129.5,158.5,431.65,12.7,12.3,0.0125,3.141592653589793,0.5691022653841671,2.3166917641607787,-0.24480968562364652,-0.5636951327375672
55,10,130.5,159.5,432.65,24.8,22.9,0.023850000000000003,2.997079391524663,0.5429235611764955,2.3113371085172774,-0.2652613109195513,-0.6107867402714175
51,15,131.0,160.0,433.15,35.3,33.2,0.03425,2.869321290278678,0.5197800690508727,2.308669052291354,-0.2841803775229209,-0.6543495010056979
51,5,131.5,160.5,433.65,12.2,11.8,0.012,3.0159289474462017,0.5463381747688004,2.306007148622161,-0.2625384525840781,-0.6045171272578224
56,10,132.5,161.5,434.65,23.6,21.8,0.0227,2.8525661294595324,0.5167448569688238,2.300701714022777,-0.28672383710256133,-0.6602060331184109
52,15,133.0,162.0,435.15,33.5,31.6,0.032549999999999996,2.7269024233159405,0.49398076635345706,2.298058140870964,-0.3062899604471546,-0.7052586970593541
52,5,133.5,162.5,435.65,11.8,11.3,0.011550000000000001,2.902831611916969,0.5258504932149705,2.2954206358315163,-0.2791377144035398,-0.64273834007802
57,10,134.0,163.0,436.15,22.8,20.9,0.02185,2.7457519792374794,0.4973953799457621,2.29278917803508,-0.30329825298924346,-0.6983700360641687
53,15,135.0,164.0,437.15,32.2,30.5,0.03135,2.6263714584010676,0.4757694938611638,2.287544321171223,-0.32260340818463007,-0.7428217986350024
53,5,135.5,164.5,437.65,11.4,10.9,0.01115,2.8023006470020957,0.5076392207226771,2.2849308808408546,-0.2944448312475234,-0.6779842791396948
58,10,136.0,165.0,438.15,22.0,20.1,0.02105,2.645221014322606,0.47918410745346873,2.2823234052265207,-0.319497594123997,-0.7356703974773775
54,15,137.0,166.0,439.15,30.5,29.3,0.0299,2.5048965424622622,0.4537642062663093,2.2771262666514858,-0.34316976502693564,-0.7901775853172914
54,5,137.5,166.5,439.65,11.0,10.6,0.0108,2.7143360527015816,0.49170435729192047,2.274536563175253,-0.30829594314475317,-0.7098776429156485
59,10,138.0,167.0,440.15,20.8,19.2,0.02,2.5132741228718345,0.45528181230733367,2.2719527433829376,-0.341719698631703,-0.786838684051777
55,15,139.0,168.0,441.15,29.5,28.1,0.0288,2.412743157956961,0.43707053981504035,2.2668026748271566,-0.3594484655921345,-0.8276606785720321
55,5,139.0,168.0,441.15,10.6,10.2,0.010399999999999998,2.6138050877867074,0.47349308479962693,2.2668026748271566,-0.32468635933292267,-0.7476179708984959
60,10,140.0,169.0,442.15,19.8,18.5,0.019149999999999997,2.406459972649781,0.4359323352842719,2.261675901843266,-0.3605809159910427,-0.8302682419791132
56,15,140.5,169.5,442.65,28.2,26.8,0.0275,2.303834612632515,0.41734166128172256,2.2591212018524796,-0.3795082595211027,-0.8738500610414067
56,5,141.0,170.0,443.15,10.2,9.8,0.01,2.5132741228718345,0.45528181230733367,2.256572266726842,-0.341719698631703,-0.786838684051777
61,10,142.0,171.0,444.15,19.7,17.8,0.01875,2.356194490192345,0.4268266990381253,2.251491613193741,-0.3697484222319465,-0.8513772051893482
57,15,142.5,171.5,444.65,27.1,26.0,0.02655,2.2242475987415733,0.40292440389199025,2.2489598560665693,-0.39477642793387757,-0.9090063180259846
57,5,143.0,172.0,445.15,9.9,9.5,0.009699999999999999,2.4378758991856793,0.44162335793811364,2.246433786364147,-0.3549479643654581,-0.8172978915364856
62,10,144.0,173.0,446.15,19.3,17.1,0.018200000000000004,2.28707945181337,0.4143064491996738,2.2413986327468343,-0.3826783063106092,-0.881149363523018
58,15,144.5,173.5,446.65,25.9,25.0,0.02545,2.132094214236273,0.38623073744072145,2.238889510802642,-0.41315316667858776,-0.9513203227174005
58,5,145.0,174.0,447.15,9.7,9.3,0.0095,2.387610416728243,0.43251772169196706,2.236386000223639,-0.3639960933428551,-0.8381319784393274
63,10,146.0,175.0,448.15,17.7,16.7,0.0172,2.161415745669778,0.39154235858430697,2.2313957380341405,-0.4072212473881352,-0.9376615737863606
59,15,146.5,175.5,448.65,25.4,24.2,0.024799999999999996,2.07763994157405,0.37636629817406253,2.2289089490694307,-0.42438927252514913,-0.9771924125429958
59,5,147.0,176.0,449.15,9.5,9.1,0.009300000000000001,2.3373449342708064,0.4234120854458204,2.2264276967605476,-0.3732367500777678,-0.8594093768866123
