α (degree),Iph(1V),Iph(8V),Iph(4V),Iph(16V)
0,0.102,0.333,0.216,0.428
10,0.098,0.312,0.203,0.573
20,0.096,0.298,0.196,0.542
30,0.096,0.305,0.196,0.536
40,0.099,0.346,0.205,0.552
50,0.105,0.385,0.222,0.584
60,0.111,0.435,0.247,0.638
70,0.12,0.477,0.274,0.838
80,0.123,0.52,0.299,0.872
90,0.128,0.551,0.306,0.984
100,0.129,0.575,0.313,0.991
110,0.132,0.583,0.316,0.99
120,0.132,0.57,0.315,0.984
130,0.128,0.515,0.308,0.956
140,0.123,0.519,0.302,0.85
150,0.12,0.487,0.28,0.78
160,0.114,0.445,0.252,0.69
170,0.11,0.392,0.232,0.624
180,0.103,0.358,0.208,0.58
190,0.099,0.325,0.191,0.53
200,0.096,0.301,0.182,0.494
210,0.096,0.304,0.182,0.494
220,0.099,0.308,0.188,0.51
230,0.104,0.32,0.208,0.556
240,0.109,0.351,0.227,0.578
250,0.118,0.426,0.248,0.638
260,0.123,0.472,0.267,0.696
270,0.13,0.504,0.282,0.767
280,0.133,0.522,0.292,0.814
290,0.133,0.526,0.298,0.836
300,0.134,0.524,0.296,0.887
310,0.131,0.501,0.288,0.87
320,0.128,0.485,0.28,0.826
330,0.124,0.435,0.264,0.814
340,0.118,0.404,0.247,0.775
350,0.112,0.371,0.232,0.645
360,0.104,0.334,0.209,0.594
