V,I
0.1,48
0.2,61
0.3,86
0.4,113
0.5,140
0.6,164
0.7,188
0.8,210
0.9,232
1.0,255
1.1,276
1.2,295
1.3,316
1.4,334
1.5,352
1.6,368
1.7,385
1.8,401
1.9,415
2.0,430
2.1,441
2.2,453
2.3,462
2.4,474
2.5,480
2.6,487
2.7,492
2.8,496
2.9,499
3.0,501
3.1,501
3.2,501
3.3,501
3.4,407
3.5,408
3.6,405
3.7,397
3.6,379
3.5,354
3.4,326
3.3,305
3.2,302
4.2,392
4.3,396
4.4,397
4.5,398
4.6,395
3.9,310
4.0,315
4.2,321
4.3,341
4.4,319
4.5,313
5.5,418
5.6,418
5.7,417
5.8,416
5.9,415
6.0,414
6.1,412
6.2,411
6.3,409
6.4,408
6.5,407
6.6,406
6.7,405
6.8,404
6.9,402
7.0,401
7.1,400
7.2,399
7.3,398
7.4,397
7.5,396
7.6,395
7.7,394
7.8,393
7.9,393
8.0,392
8.1,391
8.2,390
