Drum Reading (cm),Intensity (100 nA)
20.0,20.8
19.0,20.9
18.0,20.2
17.99,21.3
17.98,34.4
17.97,37.0
17.96,39.8
17.95,41.8
17.94,44.3
17.93,45.7
17.92,47.3
17.91,48.1
17.9,48.3
17.89,47.3
17.85,40.4
17.8,28.1
17.7,22.2
17.6,21.9
17.5,21.7
17.4,21.6
16.5,21.3
16.4,21.3
16.3,23.1
16.2,23.2
16.1,21.3
16.0,21.2
15.5,21.2
15.0,21.3
14.5,24.7
14.4,30.7
14.3,48.5
14.25,54.9
14.24,55.5
14.23,55.6
14.22,55.5
14.21,55.2
14.2,54.8
14.15,51.6
14.1,52.1
14.09,54.3
14.08,57.0
14.07,59.9
14.06,63.7
14.05,69.5
14.04,76.5
14.03,81.9
14.02,90.1
14.01,99.6
14.0,106.7
13.99,114.2
13.98,120.7
13.97,126.2
13.96,131.0
13.95,134.3
13.94,136.0
13.93,135.8
13.92,134.4
13.91,129.6
13.9,124.1
13.8,62.8
13.79,60.2
13.78,58.4
13.77,57.9
13.76,58.2
13.75,54.3
13.7,77.2
13.69,81.1
13.68,86.3
13.67,90.5
13.66,94.2
13.65,97.1
13.64,98.5
13.63,98.3
13.62,98.2
13.61,96.2
13.6,92.7
13.55,69.5
13.5,47.1
13.0,26.1
12.5,21.1
12.0,21.1
11.5,20.9
11.0,20.9
10.0,20.8
